Id,Year,Team,NAME ,No.,Position,Heignt,Weight_in_lbs,Age,Exp_in_years,College,FirstName,LastName
1,2022,New Orleans,Paulson Adebo,29,CB,5.7,192,36,3,Stanford,Paulson,Adebo
2,2022,Arizona,Zach Allen,94,DE,5.8,281,43,8,Boston College,Zach,Allen
3,2022,New Orleans,Kiko Alonso,47,OLB,5.9,239,32,13,Oregon,Kiko,Alonso
4,2022,Arizona,Stephen Anderson,89,TE,6,230,34,10,California,Stephen,Anderson
5,2022,New Orleans,Josh Andrews,68,G,6.1,298,43,3,Oregon State,Josh,Andrews
6,2022,Arizona,Marcell Ateman,84,WR,6.2,215,32,4,Oklahoma State,Marcell,Ateman
7,2022,Arizona,Andre Baccellia,82,WR,6.3,175,35,1,Washington,Andre,Baccellia
8,2022,Arizona,Budda Baker,3,S,6.4,195,32,9,Washington,Budda,Baker
9,2022,New Orleans,Kawaan Baker,87,WR,6.5,215,24,5,South Alabama,Kawaan,Baker
10,2022,Arizona,Darrell Baker Jr.,31,CB,6.6,190,21,7,Georgia Southern,Darrell,Baker Jr.
11,2022,New Orleans,Zack Baun,53,LB,6.7,225,28,10,Wisconsin,Zack,Baun
12,2022,Arizona,Kelvin Beachum,68,OL,6.8,308,43,5,Southern Methodist,Kelvin,Beachum
13,2022,Arizona,Eno Benjamin,26,RB,6.9,207,21,13,Arizona State,Eno,Benjamin
14,2022,New Orleans,Josh Black,57,DT,6,290,33,8,Syracuse,Josh,Black
15,2022,Arizona,Victor Bolden,38,WR,6.1,178,34,6,Oregon State,Victor,Bolden
16,2022,New Orleans,Ian Book,16,QB,6.2,206,38,10,Notre Dame,Ian,Book
17,2022,Arizona,Breon Borders,21,CB,6.3,189,36,6,Duke,Breon,Borders
18,2022,Arizona,Aaron Brewer,46,LS,6.4,232,24,11,San Diego State,Aaron,Brewer
19,2022,Arizona,Nate Brooks,37,CB,6.5,192,32,8,North Texas,Nate,Brooks
20,2022,New Orleans,Malcolm Brown,36,RB,6.6,224,25,3,Texas,Malcolm,Brown
21,2022,Arizona,Marquise Brown,2,WR,6.7,170,45,1,Oklahoma,Marquise,Brown
22,2022,New Orleans,Marquez Callaway,1,WR,6.8,204,39,3,Tennessee,Marquez,Callaway
23,2022,New Orleans,Taco Charlton,54,DE,6.9,270,36,8,Michigan,Taco,Charlton
24,2022,Arizona,Zaven Collins,25,ILB,6,260,42,14,Tulsa,Zaven,Collins
25,2022,Arizona,James Conner,6,RB,6.1,233,34,7,Pittsburgh,James,Conner
26,2022,Arizona,Nolan Cooney,15,P,6.2,202,22,10,Syracuse,Nolan,Cooney
27,2022,Arizona,Rashaad Coward,73,OL,6.3,320,31,11,Old Dominion,Rashaad,Coward
28,2022,Arizona,Tae Daley,48,S,6.4,201,26,8,Virginia Tech,Tae,Daley
29,2022,New Orleans,Andy Dalton,14,QB,6.5,220,42,8,TCU,Andy,Dalton
30,2022,New Orleans,Demario Davis,56,LB,6.6,248,32,8,Arkansas State,Demario,Davis
31,2022,Arizona,Victor Dimukeje,52,OLB,6.7,265,29,13,Duke,Victor,Dimukeje
32,2022,New Orleans,Dai'Jean Dixon,84,WR,6.8,200,24,1,Nicholls State,Dai'Jean,Dixon
33,2022,Arizona,Michael Dogbe,91,DE,6.9,295,37,6,Temple,Michael,Dogbe
34,2022,Arizona,Greg Dortch,83,WR,6,175,38,10,Wake Forest,Greg,Dortch
35,2022,New Orleans,Andrew Dowell,50,LB,6.1,225,35,10,Michigan State,Andrew,Dowell
36,2022,New Orleans,Sage Doxtater,79,OL,6.2,350,30,7,New Mexico State,Sage,Doxtater
37,2022,New Orleans,Kaden Elliss,55,LB,6.3,238,36,11,Idaho,Kaden,Elliss
38,2022,Arizona,Zach Ertz,86,TE,6.4,250,44,5,Stanford,Zach,Ertz
39,2022,New Orleans,Justin Evans,30,S,6.5,199,43,9,Texas A&M,Justin,Evans
40,2022,New Orleans,DaMarcus Fields,39,DB,6.6,200,36,6,Texas Tech,DaMarcus,Fields
41,2022,Arizona,Leki Fotu,95,DT,6.7,330,26,10,Utah,Leki,Fotu
42,2022,Arizona,Dennis Gardeck,45,OLB,6.8,232,39,4,Sioux Falls,Dennis,Gardeck
43,2022,New Orleans,C.J. Gardner-Johnson,22,DB,6.9,210,36,4,Florida,C.J.,Gardner-Johnson
44,2022,New Orleans,Blake Gillikin,4,P,6,196,22,2,Penn State,Blake,Gillikin
45,2022,Arizona,Markus Golden,44,OLB,6.1,260,23,8,Missouri,Markus,Golden
46,2022,New Orleans,Carl Granderson,96,DE,6.2,261,31,14,Wyoming,Carl,Granderson
47,2022,New Orleans,J.T. Gray,48,DB,6.3,202,22,3,Mississippi State,J.T.,Gray
48,2022,New Orleans,Vincent Gray,35,DB,6.4,192,24,8,Michigan,Vincent,Gray
49,2022,Arizona,A.J. Green,18,WR,6.5,207,37,13,Georgia,A.J.,Green
50,2022,New Orleans,Ethan Greenidge,73,OL,6.6,335,26,1,Villanova,Ethan,Greenidge
51,2022,Arizona,Jarrett Guarantano,16,QB,6.7,219,36,7,Washington State,Jarrett,Guarantano
52,2022,Arizona,Antonio Hamilton,33,CB,6.8,188,36,3,South Carolina State,Antonio,Hamilton
53,2022,Arizona,Sean Harlow,64,OL,6.9,284,30,6,Oregon State,Sean,Harlow
54,2022,New Orleans,Deonte Harty,11,WR/RS,6,170,35,3,Assumption College,Deonte,Harty
55,2022,New Orleans,Jerald Hawkins,63,OT,6.1,305,36,7,LSU,Jerald,Hawkins
56,2022,Arizona,Marquis Hayes,78,OL,6.2,324,41,2,Oklahoma,Marquis,Hayes
57,2022,Arizona,Will Hernandez,76,OL,6.3,335,29,6,Texas-El Paso,Will,Hernandez
58,2022,New Orleans,Chris Herndon,86,TE,6.4,253,21,11,Miami,Chris,Herndon
59,2022,New Orleans,Taysom Hill,7,QB,6.5,221,44,4,Brigham Young,Taysom,Hill
60,2022,New Orleans,J.P. Holtz,88,TE,6.6,240,29,4,Pittsburgh,J.P.,Holtz
61,2022,Arizona,DeAndre Hopkins,10,WR,6.7,212,33,10,Clemson,DeAndre,Hopkins
62,2022,Arizona,Rodney Hudson,61,OL,6.8,315,30,3,Florida State,Rodney,Hudson
63,2022,New Orleans,Albert Huggins,95,DT,6.9,305,41,1,Clemson,Albert,Huggins
64,2022,Arizona,D.J. Humphries,74,OL,6,307,35,12,Florida,D.J.,Humphries
65,2022,New Orleans,James Hurst,74,OL,6.1,310,27,1,North Carolina,James,Hurst
66,2022,Arizona,Keaontay Ingram,30,RB,6.2,215,21,8,USC,Keaontay,Ingram
67,2022,New Orleans,Mark Ingram II,5,RB,6.3,215,24,8,Alabama,Mark,Ingram II
68,2022,Arizona,Andy Isabella,17,WR,6.4,188,43,8,Massachusetts,Andy,Isabella
69,2022,Arizona,Danny Isidora,63,OL,6.5,306,33,3,Miami,Danny,Isidora
70,2022,New Orleans,D'Marco Jackson,52,LB,6.6,230,37,1,Appalachian State,D'Marco,Jackson
71,2022,New Orleans,Jordan Jackson,59,DT,6.7,285,43,4,Air Force,Jordan,Jackson
72,2022,Arizona,Josh Jackson,36,CB,6.8,196,34,13,Iowa,Josh,Jackson
73,2022,New Orleans,Jaleel Johnson,91,DT,6.9,316,28,12,Iowa,Jaleel,Johnson
74,2022,New Orleans,Juwan Johnson,83,TE,6,231,37,3,Oregon,Juwan,Johnson
75,2022,Arizona,Josh Jones,79,OL,6.1,319,44,7,Houston,Josh,Jones
76,2022,Arizona,Manny Jones,75,DT,6.2,290,45,15,Colorado State,Manny,Jones
77,2022,New Orleans,Tony Jones Jr.,34,RB,6.3,224,25,5,Notre Dame,Tony,Jones Jr.
78,2022,New Orleans,Cameron Jordan,94,DE,6.4,287,30,7,California,Cameron,Jordan
79,2022,New Orleans,Alvin Kamara,41,RB,6.5,215,36,7,Tennessee,Alvin,Kamara
80,2022,Arizona,Kingsley Keke,96,DT,6.6,288,30,4,Texas A&M,Kingsley,Keke
81,2022,Arizona,Devon Kennard,42,OLB,6.7,256,24,10,USC,Devon,Kennard
82,2022,New Orleans,Lewis Kidd,66,OL,6.8,311,32,11,Montana State,Lewis,Kidd
83,2022,Arizona,Jontre Kirklin,31,WR,6.9,184,36,13,Louisiana State,Jontre,Kirklin
84,2022,New Orleans,Tanoh Kpassagnon,90,DE,6,289,20,10,Villanova,Tanoh,Kpassagnon
85,2022,New Orleans,Lucas Krull,44,TE,6.1,260,32,10,Pittsburgh,Lucas,Krull
86,2022,New Orleans,Forrest Lamp,77,OL,6.2,310,29,9,Western Kentucky,Forrest,Lamp
87,2022,New Orleans,Jarvis Landry,80,WR,6.3,202,38,12,LSU,Jarvis,Landry
88,2022,New Orleans,Marshon Lattimore,23,CB,6.4,192,36,12,Ohio State,Marshon,Lattimore
89,2022,Arizona,Rashard Lawrence,90,DT,6.5,308,20,13,LSU,Rashard,Lawrence
90,2022,Arizona,Jonathan Ledbetter,93,DE,6.6,280,34,3,Georgia,Jonathan,Ledbetter
91,2022,Arizona,Andy Lee,14,P,6.7,185,29,11,Pittsburgh,Andy,Lee
92,2022,Arizona,Jessie Lemonier,53,OLB,6.8,240,24,3,Liberty,Jessie,Lemonier
93,2022,Arizona,Greg Long,65,OL,6.9,304,37,14,Purdue,Greg,Long
94,2022,Arizona,Jesse Luketa,43,OLB,6,247,37,14,Penn State,Jesse,Luketa
95,2022,New Orleans,Wil Lutz,3,K,6.1,184,25,11,Georgia State,Wil,Lutz
96,2022,New Orleans,Dylan Mabin,37,DB,6.2,196,25,7,Fordham,Dylan,Mabin
97,2022,Arizona,Koda Martin,60,OL,6.3,300,23,1,Syracuse,Koda,Martin
98,2022,New Orleans,Nick Martin,72,C,6.4,299,33,10,Notre Dame,Nick,Martin
99,2022,New Orleans,Tyrann Mathieu,32,FS,6.5,190,28,1,LSU,Tyrann,Mathieu
100,2022,Arizona,Christian Matthew,35,CB,5.7,195,35,6,Valdosta State,Christian,Matthew
101,2022,New Orleans,Marcus Maye,6,S,5.7,207,20,8,Florida,Marcus,Maye
102,2022,Arizona,Trey McBride,85,TE,5.8,249,22,3,Colorado State,Trey,McBride
103,2022,Arizona,Colt McCoy,12,QB,5.9,212,27,1,Texas,Colt,McCoy
104,2022,New Orleans,Erik McCoy,78,C/G,6,303,32,6,Texas A&M,Erik,McCoy
105,2022,Arizona,Trace McSorley,19,QB,6.1,202,32,14,Penn State,Trace,McSorley
106,2022,New Orleans,Kirk Merritt,85,WR,6.2,208,26,9,Arkansas State,Kirk,Merritt
107,2022,Arizona,Joshua Miles,66,OL,6.3,314,34,10,Morgan State,Joshua,Miles
108,2022,Arizona,Rondale Moore,4,WR,6.4,180,28,1,Purdue,Rondale,Moore
109,2022,Arizona,Byron Murphy Jr.,7,CB,6.5,190,24,7,Washington,Byron,Murphy Jr.
110,2022,Arizona,Justin Murray,71,OL,6.6,315,28,2,Cincinnati,Justin,Murray
111,2022,Arizona,Kyler Murray,1,QB,6.7,207,22,7,Oklahoma,Kyler,Murray
112,2022,Arizona,Haggai Ndubuisi,69,OL,6.8,298,23,14,None,Haggai,Ndubuisi
113,2022,Arizona,Ben Niemann,56,ILB,6.9,235,29,3,Iowa,Ben,Niemann
114,2022,New Orleans,Chris Olave,12,WR,6,189,26,1,Ohio State,Chris,Olave
115,2022,New Orleans,David Onyemata,93,DT,6.1,300,33,5,Manitoba (Canada),David,Onyemata
116,2022,New Orleans,Devine Ozigbo,28,RB,6.2,225,35,8,Nebraska,Devine,Ozigbo
117,2022,New Orleans,John Parker Romo,15,K,6.3,175,33,7,Virginia Tech,John,Parker Romo
118,2022,New Orleans,Scott Patchan,60,DE,6.4,251,26,5,Colorado State,Scott,Patchan
119,2022,Arizona,JaVonta Payton,32,WR,6.5,175,34,2,Tennessee,JaVonta,Payton
120,2022,New Orleans,Andrus Peat,75,G/T,6.6,316,39,3,Stanford,Andrus,Peat
121,2022,New Orleans,Trevor Penning,70,OT,6.7,332,37,4,Northern Iowa,Trevor,Penning
122,2022,Arizona,Chris Pierce Jr.,49,TE,6.8,230,42,14,Vanderbilt,Chris,Pierce Jr.
123,2022,Arizona,T.J. Pledger,21,RB,6.9,196,20,1,Utah,T.J.,Pledger
124,2022,Arizona,Matt Prater,5,K,6,201,35,12,UCF,Matt,Prater
125,2022,New Orleans,Adam Prentice,46,FB,6.1,245,44,7,South Carolina,Adam,Prentice
126,2022,New Orleans,Isaiah Pryor,42,LB,6.2,217,20,12,Notre Dame,Isaiah,Pryor
127,2022,Arizona,Justin Pugh,67,OL,6.3,311,20,13,Syracuse,Justin,Pugh
128,2022,New Orleans,Ryan Ramczyk,71,T,6.4,314,39,2,Wisconsin,Ryan,Ramczyk
129,2022,Arizona,Christian Ringo,70,DT,6.5,298,40,2,Louisiana-Lafayette,Christian,Ringo
130,2022,Arizona,Ronnie Rivers,37,RB,6.6,195,42,6,Fresno State,Ronnie,Rivers
131,2022,New Orleans,Malcolm Roach,97,DL,6.7,290,30,9,Texas,Malcolm,Roach
132,2022,New Orleans,Bradley Roby,21,CB,6.8,194,42,8,Ohio State,Bradley,Roby
133,2022,New Orleans,Cesar Ruiz,51,C/G,6.9,316,20,10,Michigan,Cesar,Ruiz
134,2022,Arizona,Myjai Sanders,41,OLB,6,255,25,3,Cincinnati,Myjai,Sanders
135,2022,Arizona,Bernhard Seikovits,80,TE,6.1,262,45,14,Austria,Bernhard,Seikovits
136,2022,New Orleans,Nephi Sewell,45,LB,6.2,228,22,10,Utah,Nephi,Sewell
137,2022,Arizona,Isaiah Simmons,9,ILB,6.3,238,39,9,Clemson,Isaiah,Simmons
138,2022,New Orleans,Abram Smith,33,RB,6.4,221,29,8,Baylor,Abram,Smith
139,2022,Arizona,Lecitus Smith,54,OL,6.5,320,30,15,Virginia Tech,Lecitus,Smith
140,2022,New Orleans,Tre'Quan Smith,10,WR,6.6,210,41,5,Central Florida,Tre'Quan,Smith
141,2022,New Orleans,Daniel Sorensen,25,S,6.7,208,44,12,BYU,Daniel,Sorensen
142,2022,New Orleans,Kentavius Street,69,DT,6.8,287,26,10,N.C. State,Kentavius,Street
143,2022,New Orleans,Alontae Taylor,27,CB,6.9,195,28,6,Tennessee,Alontae,Taylor
144,2022,Arizona,Cameron Thomas,97,OLB,6,270,31,8,San Diego State,Cameron,Thomas
145,2022,New Orleans,Michael Thomas,13,WR,6.1,212,27,11,Ohio State,Michael,Thomas
146,2022,New Orleans,Bryce Thompson,31,CB,6.2,190,33,13,Tennessee,Bryce,Thompson
147,2022,Arizona,Deionte Thompson,22,S,6.3,195,28,2,Alabama,Deionte,Thompson
148,2022,Arizona,Jalen Thompson,34,S,6.4,190,26,1,Washington State,Jalen,Thompson
149,2022,New Orleans,Calvin Throckmorton,76,OL,6.5,309,36,5,Oregon,Calvin,Throckmorton
150,2022,New Orleans,Adam Trautman,82,TE,6.6,253,22,4,Dayton,Adam,Trautman
151,2022,Arizona,Ezekiel Turner,47,ILB,6.7,214,23,5,Washington,Ezekiel,Turner
152,2022,New Orleans,Payton Turner,98,DE,6.8,270,22,10,Houston,Payton,Turner
153,2022,New Orleans,Shy Tuttle,99,DT,6.9,300,41,2,Tennessee,Shy,Tuttle
154,2022,Arizona,Tanner Vallejo,51,ILB,6,230,28,12,Boise State,Tanner,Vallejo
155,2022,New Orleans,Nick Vannett,81,TE,6.1,261,34,9,Ohio State,Nick,Vannett
156,2022,Arizona,Nick Vigil,57,ILB,6.2,239,36,2,Utah State,Nick,Vigil
157,2022,Arizona,Joe Walker,59,ILB,6.3,236,33,3,Oregon,Joe,Walker
158,2022,Arizona,Jonathan Ward,29,RB,6.4,202,27,6,Central Michigan,Jonathan,Ward
159,2022,Arizona,Charles Washington,28,S,6.5,192,28,5,Fresno State,Charles,Washington
160,2022,New Orleans,Dwayne Washington,24,RB,6.6,223,37,8,Washington,Dwayne,Washington
161,2022,New Orleans,Khalique Washington,65,OT,6.7,339,37,9,Southern Mississippi,Khalique,Washington
162,2022,Arizona,J.J. Watt,99,DE,6.8,288,24,13,Wisconsin,J.J.,Watt
163,2022,New Orleans,Pete Werner,20,LB,6.9,242,23,12,Ohio State,Pete,Werner
164,2022,Arizona,Antoine Wesley,13,WR,6,206,43,13,Texas Tech,Antoine,Wesley
165,2022,New Orleans,Kevin White,17,WR,6.1,216,44,8,West Virginia,Kevin,White
166,2022,Arizona,Jace Whittaker,39,CB,6.2,185,42,12,Arizona,Jace,Whittaker
167,2022,Arizona,James Wiggins,38,S,6.3,205,33,6,Cincinnati,James,Wiggins
168,2022,Arizona,Darrel Williams,24,RB,6.4,224,40,14,LSU,Darrel,Williams
169,2022,Arizona,Maxx Williams,87,TE,6.5,252,40,2,Minnesota,Maxx,Williams
170,2022,New Orleans,P.J. Williams,26,CB,6.6,196,29,12,Florida State,P.J.,Williams
171,2022,New Orleans,Eric Wilson,58,LB,6.7,230,40,14,Cincinnati,Eric,Wilson
172,2022,Arizona,Marco Wilson,20,CB,6.8,187,42,10,Florida,Marco,Wilson
173,2022,New Orleans,Jameis Winston,2,QB,6.9,231,30,5,Florida State,Jameis,Winston
174,2022,New Orleans,Easop Winston Jr.,18,WR,6,192,39,9,Washington State,Easop,Winston Jr.
175,2022,New Orleans,Zach Wood,49,LS,6.1,255,25,8,Southern Methodist,Zach,Wood
176,2022,Arizona,Antwaun Woods,92,DT,6.2,328,43,5,USC,Antwaun,Woods
177,2022,Arizona,Chandler Wooten,50,ILB,6.3,232,28,2,Auburn,Chandler,Wooten
178,2022,Arizona,Deon Yelder,81,TE,6.4,255,33,14,Western Kentucky,Deon,Yelder
179,2022,New Orleans,Landon Young,67,T,6.5,321,26,12,Kentucky,Landon,Young
180,2010,Arizona,Hamza Abdullah ,41,S ,6.6,216,40,7,Washington State,Hamza,Abdullah 
181,2010,Arizona,Michael Adams ,27,CB ,6.7,181,31,8,Louisiana-Lafayette,Michael,Adams 
182,2010,New Orleans,Stanley Arnoux ,57,LB ,6.8,232,37,6,Wake Forest,Stanley,Arnoux 
183,2010,New Orleans,Remi Ayodele ,92,DT ,6.9,318,40,3,Oklahoma,Remi,Ayodele 
184,2010,Arizona,Jason Banks ,79,DE ,6,296,25,3,Grambling State,Jason,Banks 
185,2010,Arizona,Anthony Becht ,84,TE ,6.1,270,28,11,West Virginia,Anthony,Becht 
186,2010,Arizona,Monty Beisel ,50,LB ,6.2,244,33,9,Kansas State,Monty,Beisel 
187,2010,New Orleans,Mike Bell ,21,RB ,6.3,225,28,5,Arizona,Mike,Bell 
188,2010,Arizona,Bertrand Berry ,92,DE ,6.4,254,22,12,Notre Dame,Bertrand,Berry 
189,2010,Arizona,Anquan Boldin ,81,WR ,6.5,217,45,5,Florida State,Anquan,Boldin 
190,2010,Arizona,Alan Branch ,78,DT ,6.6,338,33,7,Michigan,Alan,Branch 
191,2010,Arizona,Steve Breaston ,15,WR ,6.7,189,40,11,Michigan,Steve,Breaston 
192,2010,New Orleans,Drew Brees ,9,QB ,6.8,209,30,4,Purdue,Drew,Brees 
193,2010,Arizona,Jeremy Bridges ,73,G ,6.9,326,22,14,Southern Mississippi,Jeremy,Bridges 
194,2010,Arizona,Nehemiah Broughton ,32,FB ,6,257,36,3,The Citadel,Nehemiah,Broughton 
195,2010,Arizona,Cody Brown ,52,LB ,6.1,244,21,2,Connecticut,Cody,Brown 
196,2010,New Orleans,Jammal Brown ,70,OT ,6.2,313,45,4,Oklahoma,Jammal,Brown 
197,2010,Arizona,Levi Brown ,75,OT ,6.3,324,35,10,Penn State,Levi,Brown 
198,2010,Arizona,Ralph Brown ,20,CB ,6.4,185,21,10,Nebraska,Ralph,Brown 
199,2010,New Orleans,Mark Brunell ,11,QB ,6.5,217,45,2,Washington,Mark,Brunell 
200,2010,New Orleans,Reggie Bush ,25,RB ,5.7,203,45,7,USC,Reggie,Bush 
201,2010,New Orleans,Jermon Bushrod ,74,OT ,5.7,315,24,1,Towson,Jermon,Bushrod 
202,2010,Arizona,Calais Campbell ,93,DE ,5.8,290,22,8,Miami (Fla.),Calais,Campbell 
203,2010,New Orleans,Dan Campbell ,89,TE ,5.9,265,42,13,Texas A&M,Dan,Campbell 
204,2010,New Orleans,Jonathan Casillas ,52,LB ,6,227,44,11,Wisconsin,Jonathan,Casillas 
205,2010,New Orleans,Jeff Charleston ,97,DE ,6.1,265,31,12,Idaho State,Jeff,Charleston 
206,2010,New Orleans,Kendrick Clancy ,71,DT ,6.2,305,27,1,Mississippi,Kendrick,Clancy 
207,2010,Arizona,Jeremy Clark ,71,DT ,6.3,309,40,14,Alabama,Jeremy,Clark 
208,2010,Arizona,Ben Claxton ,62,C ,6.4,301,34,15,Mississippi,Ben,Claxton 
209,2010,New Orleans,Marques Colston ,12,WR ,6.5,225,25,7,Hofstra,Marques,Colston 
210,2010,New Orleans,Chase Daniel ,10,QB ,6.6,218,42,14,Missouri,Chase,Daniel 
211,2010,Arizona,Karlos Dansby ,58,LB ,6.7,250,42,9,Auburn,Karlos,Dansby 
212,2010,Arizona,Will Davis ,59,LB ,6.8,261,25,3,Illinois,Will,Davis 
213,2010,New Orleans,Darnell Dinkins ,80,TE ,6.9,260,32,9,Pittsburgh,Darnell,Dinkins 
214,2010,Arizona,Darnell Dockett ,90,DT ,6,285,34,13,Florida State,Darnell,Dockett 
215,2010,Arizona,Early Doucet ,80,WR ,6.1,212,24,14,Louisiana State,Early,Doucet 
216,2010,New Orleans,Jo-Lonn Dunbar ,56,LB ,6.2,226,38,13,Boston College,Jo-Lonn,Dunbar 
217,2010,New Orleans,Kyle Eckel ,36,FB ,6.3,237,38,15,Navy,Kyle,Eckel 
218,2010,New Orleans,Sedrick Ellis ,98,DT ,6.4,307,44,11,USC,Sedrick,Ellis 
219,2010,New Orleans,Heath Evans ,44,FB ,6.5,250,45,4,Auburn,Heath,Evans 
220,2010,New Orleans,Jahri Evans ,73,G ,6.6,318,38,13,Bloomsburg,Jahri,Evans 
221,2010,New Orleans,Troy Evans ,54,LB ,6.7,238,43,1,Cincinnati,Troy,Evans 
222,2010,Arizona,Larry Fitzgerald ,11,WR ,6.8,217,39,8,Pittsburgh,Larry,Fitzgerald 
223,2010,Arizona,Wilrey Fontenot ,23,CB ,6.9,169,30,4,Arizona,Wilrey,Fontenot 
224,2010,New Orleans,Scott Fujita ,55,LB ,6,250,36,1,California,Scott,Fujita 
225,2010,Arizona,Mike Gandy ,69,OT ,6.1,316,26,9,Notre Dame,Mike,Gandy 
226,2010,New Orleans,Randall Gay ,20,CB ,6.2,190,21,2,Louisiana State,Randall,Gay 
227,2010,New Orleans,Jonathan Goodwin ,76,G ,6.3,318,34,8,Michigan,Jonathan,Goodwin 
228,2010,Arizona,Ben Graham ,5,P ,6.4,235,24,11,Deakin (Australia) ,Ben,Graham 
229,2010,New Orleans,Charles Grant ,94,DE ,6.5,285,45,7,Georgia,Charles,Grant 
230,2010,Arizona,Justin Green ,33,RB ,6.6,251,29,15,Montana,Justin,Green 
231,2010,New Orleans,Jabari Greer ,32,CB ,6.7,180,45,1,Tennessee,Jabari,Greer 
232,2010,Arizona,Clark Haggans ,53,LB ,6.8,243,39,1,Colorado State,Clark,Haggans 
233,2010,New Orleans,Lynell Hamilton ,30,RB ,6.9,235,31,12,San Diego State,Lynell,Hamilton 
234,2010,New Orleans,Anthony Hargrove ,69,DE ,6,272,34,9,Georgia Tech,Anthony,Hargrove 
235,2010,New Orleans,Rod Harper ,13,WR ,6.1,209,24,1,Murray State,Rod,Harper 
236,2010,New Orleans,Roman Harper ,41,S ,6.2,200,39,14,Alabama,Roman,Harper 
237,2010,New Orleans,Garrett Hartley ,5,PK ,6.3,196,29,6,Oklahoma,Garrett,Hartley 
238,2010,Arizona,Gerald Hayes ,54,LB ,6.4,246,45,3,Pittsburgh,Gerald,Hayes 
239,2010,New Orleans,Devery Henderson ,19,WR ,6.5,200,38,15,Louisiana State,Devery,Henderson 
240,2010,Arizona,Tim Hightower ,34,RB ,6.6,222,42,9,Richmond,Tim,Hightower 
241,2010,New Orleans,Tory Humphrey ,84,TE ,6.7,255,44,3,Central Michigan,Tory,Humphrey 
242,2010,Arizona,Kenny Iwebema ,91,DE ,6.8,280,21,2,Iowa,Kenny,Iwebema 
243,2010,New Orleans,Malcolm Jenkins ,27,CB ,6.9,204,42,6,Ohio State,Malcolm,Jenkins 
244,2010,Arizona,Herman Johnson ,67,G ,6,382,35,1,Louisiana State,Herman,Johnson 
245,2010,Arizona,Rashad Johnson ,49,S ,6.1,203,42,2,Alabama,Rashad,Johnson 
246,2010,New Orleans,Reggie Jones ,,CB ,6.2,200,45,9,Portland State,Reggie,Jones 
247,2010,Arizona,Brandon Keith ,72,OT ,6.3,338,25,4,Northern Iowa,Brandon,Keith 
248,2010,Arizona,Dan Kreider ,35,FB ,6.4,250,23,14,New Hampshire,Dan,Kreider 
249,2010,Arizona,Mike Leach ,82,C ,6.5,238,40,2,William & Mary,Mike,Leach 
250,2010,New Orleans,Nick Leckey ,60,C ,6.6,291,40,8,Kansas State,Nick,Leckey 
251,2010,Arizona,Matt Leinart ,7,QB ,6.7,232,22,8,USC,Matt,Leinart 
252,2010,New Orleans,Rodney Leisle ,95,DT ,6.8,315,26,4,UCLA,Rodney,Leisle 
253,2010,Arizona,Deuce Lutui ,76,G ,6.9,338,24,11,USC,Deuce,Lutui 
254,2010,New Orleans,Marcus Mailei ,36,RB ,6,255,40,8,Weber State,Marcus,Mailei 
255,2010,New Orleans,Deuce McAllister ,,RB ,6.1,232,31,2,Mississippi,Deuce,McAllister 
256,2010,New Orleans,Bobby McCray ,93,DE ,6.2,260,43,12,Florida,Bobby,McCray 
257,2010,Arizona,Bryant McFadden ,25,CB ,6.3,190,37,13,Florida State,Bryant,McFadden 
258,2010,New Orleans,Robert Meachem ,17,WR ,6.4,210,40,1,Tennessee,Robert,Meachem 
259,2010,New Orleans,Billy Miller ,83,TE ,6.5,252,40,14,USC,Billy,Miller 
260,2010,New Orleans,Marvin Mitchell ,50,LB ,6.6,249,35,2,Tennessee,Marvin,Mitchell 
261,2010,New Orleans,Lance Moore ,16,WR ,6.7,190,42,12,Toledo,Lance,Moore 
262,2010,Arizona,Sean Morey ,87,WR ,6.8,193,33,14,Brown,Sean,Morey 
263,2010,New Orleans,Thomas Morstead ,6,P ,6.9,225,33,11,Southern Methodist,Thomas,Morstead 
264,2010,New Orleans,Jamar Nesbit ,67,C ,6,328,31,3,South Carolina,Jamar,Nesbit 
265,2010,New Orleans,Carl Nicks ,77,G ,6.1,343,34,12,Nebraska,Carl,Nicks 
266,2010,Arizona,Chike Okeafor ,56,DE ,6.2,256,31,11,Purdue,Chike,Okeafor 
267,2010,Arizona,Ben Patrick ,89,TE ,6.3,264,27,11,Delaware,Ben,Patrick 
268,2010,New Orleans,Tracy Porter ,22,CB ,6.4,186,45,15,Indiana,Tracy,Porter 
269,2010,New Orleans,DeMario Pressley ,90,DT ,6.5,301,27,2,North Carolina State,DeMario,Pressley 
270,2010,New Orleans,Pierson Prioleau ,31,S ,6.6,188,22,11,Virginia Tech,Pierson,Prioleau 
271,2010,Arizona,Neil Rackers ,1,PK ,6.7,206,26,8,Illinois,Neil,Rackers 
272,2010,New Orleans,Chris Reis ,39,S ,6.8,215,23,13,Georgia Tech,Chris,Reis 
273,2010,Arizona,Bryan Robinson ,97,DE ,6.9,304,44,7,Fresno State,Bryan,Robinson 
274,2010,New Orleans,Courtney Roby ,15,WR ,6,189,38,13,Indiana,Courtney,Roby 
275,2010,Arizona,Dominique Rodgers-Cromartie ,29,CB ,6.1,182,27,1,Tennessee State,Dominique,Rodgers-Cromartie 
276,2010,Arizona,Antrel Rolle ,21,S ,6.2,208,43,5,Miami (Fla.),Antrel,Rolle 
277,2010,Arizona,Lyle Sendlein ,63,C ,6.3,305,25,5,Texas,Lyle,Sendlein 
278,2010,New Orleans,Scott Shanle ,58,LB ,6.4,245,33,15,Nebraska,Scott,Shanle 
279,2010,New Orleans,Darren Sharper ,42,S ,6.5,210,25,3,William & Mary,Darren,Sharper 
280,2010,New Orleans,Jeremy Shockey ,88,TE ,6.6,251,25,1,Miami (Fla.),Jeremy,Shockey 
281,2010,New Orleans,Mark Simoneau ,53,LB ,6.7,245,32,6,Kansas State,Mark,Simoneau 
282,2010,New Orleans,Will Smith ,91,DE ,6.8,282,24,14,Ohio State,Will,Smith 
283,2010,Arizona,Stephen Spach ,83,TE ,6.9,260,28,15,Fresno State,Stephen,Spach 
284,2010,New Orleans,Paul Spicer ,,DE ,6,295,30,15,Saginaw Valley State,Paul,Spicer 
285,2010,Arizona,Brian St. Pierre ,2,QB ,6.1,224,30,6,Boston College,Brian,St. Pierre 
286,2010,Arizona,LaRod Stephens-Howling ,36,RB ,6.2,180,38,6,Pittsburgh,LaRod,Stephens-Howling 
287,2010,New Orleans,Jonathan Stinchcomb ,78,OT ,6.3,315,33,13,Georgia,Jonathan,Stinchcomb 
288,2010,New Orleans,Zach Strief ,64,OT ,6.4,320,33,14,Northwestern,Zach,Strief 
289,2010,New Orleans,David Thomas ,85,TE ,6.5,248,28,14,Texas,David,Thomas 
290,2010,New Orleans,Pierre Thomas ,23,RB ,6.6,215,25,14,Illinois,Pierre,Thomas 
291,2010,Arizona,Greg Toler ,28,CB ,6.7,191,44,1,St. Paul's College (VA),Greg,Toler 
292,2010,New Orleans,Leigh Torrence ,24,CB ,6.8,179,28,4,Stanford,Leigh,Torrence 
293,2010,Arizona,Jerheme Urban ,85,WR ,6.9,207,20,8,Trinity (Tex.),Jerheme,Urban 
294,2010,New Orleans,Chip Vaughn ,37,S ,6,221,42,5,Wake Forest,Chip,Vaughn 
295,2010,New Orleans,Jonathan Vilma ,51,LB ,6.1,230,43,4,Miami (Fla.),Jonathan,Vilma 
296,2010,Arizona,Reggie Walker ,55,LB ,6.2,238,22,14,Kansas State,Reggie,Walker 
297,2010,Arizona,Matt Ware ,22,CB ,6.3,215,20,2,UCLA,Matt,Ware 
298,2010,Arizona,Kurt Warner ,13,QB ,6.4,214,33,4,Northern Iowa,Kurt,Warner 
299,2010,New Orleans,Anthony Waters ,59,LB ,6.5,238,24,1,Clemson,Anthony,Waters 
300,2010,Arizona,Gabe Watson ,98,DT ,5.7,329,32,6,Michigan,Gabe,Watson 
301,2010,Arizona,Beanie Wells ,26,RB ,6.1,228,26,10,Ohio State,Beanie,Wells 
302,2010,Arizona,Reggie Wells ,74,G ,6.2,312,37,15,Clarion,Reggie,Wells 
303,2010,Arizona,Adrian Wilson ,24,S ,6.3,226,24,8,North Carolina State,Adrian,Wilson 
304,2010,New Orleans,D'Juan Woods ,84,WR ,6.4,210,21,9,Oklahoma State,D'Juan,Woods 
305,2010,Arizona,Jason Wright ,31,RB ,6.5,212,28,15,Northwestern,Jason,Wright 
306,2010,New Orleans,Usama Young ,28,CB ,5.7,200,32,7,Kent State,Usama,Young 
